Bali 3 Seater Sofa In Blue Colour,Trevi Furniture,17021,50,Sofa,Furniture,Sofabed,SofaDesign,ThreeSeater,Blue,Trevi
Niki 3 Seater Sofa In Yellow Colour,Febonic,18575,50,Sofa,Furniture,Sofabed,SofaDesign,ThreeSeater,Yellow,Febonic
Rome Sofa Set (3+2) In Green Colour,ARRA,33402,50,Sofa,Furniture,Sofabed,SofaDesign,FiveSeater,Green,Arra
Oscar Recliner Corner Sofa Set In Antracite Colour,Natela,300325,50,Sofa,Furniture,Sofabed,SofaDesign,CornerSofa,Antracite,Natela
Riviera RHS 6 Seater Sofa In Grey & Yellow Colour,ARRA,28534,50,Ships In 1 Day,Sofa,Furniture,Sofabed,SofaDesign,Grey,Yellow,SixSeater
Magna 1 Seater Recliner In Dark Brown Colour,Recliners India, 22750,25,recliner, furniture, reclinersofa, sofa, chair, OneSeater,darkBrown, reclinersIndia
Aric Chaise Lounger In Grey Colour,Muebles Casa,14741,30,recliner, furniture, reclinersofa, sofa, chair, OneSeater,grey
Avalon 1 Seater Manual Recliner In Biege Colour,Duroflex,20042,25, recliner, furniture, reclinersofa, sofa, chair, OneSeater,biege, duroflex
Laron 1 Seater Recliner In Light Grey Colour,Furny,25526,25, recliner, furniture, reclinersofa, sofa, chair, OneSeater,grey, Furny
White Marble Kiddy Birds Hand Painted Wall Accent,POSH N PLUSH,1085, 15,wall-accent, paintedWallaccent, handpainted, painted, gifts, decoration, decor, whitemarble, poshnplush
White Marble Happy Birdies Hand Painted Wall Accent,POSH N PLUSH,1085, 15,poshnplush,wall-accent, paintedWallaccent, handpainted, painted, gifts, decoration, decor
Omega Engineered Wood Wall Shelf In Walnut,Klaxon,2492, 15,wall-accent, paintedWallaccent, handpainted, painted, gifts, decoration, decor, wood, wall, shelf, klaxon
Green Iron Krishna Key Holders,The Shining Rays,637 ,15,wall-accent, paintedWallaccent, handpainted, painted, gifts, decoration, decor, key,holder
Engineered Wood Wallshelf in Walnut Finish,WallMantra,4106, 15,wall-accent, paintedWallaccent, handpainted, painted, gifts, decoration, decor, wooden,keyholders
Acrylic Wooden Texture (Set of 10) Hanging Room Divider in Brown Colour,Planet Decor,3448,18,decor, livingroom,decoration,walldecor,homestyle,interior,artistwooden, texture,brown
Iron Decorative Tree Wall Art In Gold,Mahalaxmi Art And Crafts,802,18,decor, livingroom,decoration,walldecor,homestyle,interior,artist,wallart,gold
Iron White Iron Jingo Leaf Metal Wall Art,Sugandha,6017,18,decor, livingroom,decoration,walldecor,homestyle,interior,artist,ironjingo, white
Adalira Classic Amber Wall Light,Kapoor E Illuminations,4144,22,lighting,decoration,led,wall light,cluster lights
Transparent Glass 3 Light Cluster Hanging Lights,Kapoor E Illuminations,3717,22,lighting,decoration,led,wall light,cluster lights
Magnum Orange Cotton Shade Floor Lamp With Walnut Polish Birch Plywood Base,Sanded Edge, 2778,22,lighting,decoration,led,wall light,cluster lights
Lotus Gold Metal Single Hanging Lights,Courtyard, 1780,22,lighting,decoration,led,wall light,cluster lights
Spiral Silver Aluminium Multicolor Led Light,Smartway Lighting, 1486,22,lighting,decoration,led,wall light,cluster lights
220 Gsm Glaced Cotton Cartoon Printed Single Bed Sheet With 1 Pillow Covers,Hosta Homes, 500,22,decoration,decor
Green Road Rectangle Anti Skid 3 X 5 Feet Nylon Carpet,Status, 790,25,decoration,decor,carpet
220 Gsm Glaced Cotton Cartoon Printed Double Bed Sheet With 2 Pillow Covers,Hosta Homes,727,25, decoration,decor,carpet
Hopscotch 3X5 Feet Carpet,Little Looms,399,5,decoration,decor,carpet
Rocket Round 3 X 3 Kids Carpet,Little Looms,149,3,carpet,decoration,decor